{
  "description": "Trained tabular MLP scorer for vacation schedule candidate ranking.",
  "feature_schema_version": 1,
  "heads": {
    "avoid": {
      "bias": -0.24928601,
      "weights": {
        "auto_fit": -0.09321709,
        "calendar_quality": -0.32029247,
        "coverage_balance": -0.30627403,
        "deadline_closure": -0.11477024,
        "department_pressure": -1.62297034,
        "manager_caution": 0.79119891,
        "preference_alignment": 1.17261302,
        "staffing_safety": -0.0055522
      }
    },
    "confidence": {
      "bias": 0.12606731,
      "weights": {
        "auto_fit": -0.44845641,
        "calendar_quality": 0.24503842,
        "coverage_balance": 0.40322235,
        "deadline_closure": 0.45066464,
        "department_pressure": 0.39325827,
        "manager_caution": -0.02292832,
        "preference_alignment": -0.20836081,
        "staffing_safety": -0.24014001
      }
    },
    "prefer": {
      "bias": 0.0561465,
      "weights": {
        "auto_fit": -0.14272183,
        "calendar_quality": -0.52636474,
        "coverage_balance": 0.24600938,
        "deadline_closure": 0.10418152,
        "department_pressure": 0.90620875,
        "manager_caution": -1.11036754,
        "preference_alignment": -0.45133713,
        "staffing_safety": -0.35801911
      }
    },
    "score": {
      "bias": -0.15863693,
      "weights": {
        "auto_fit": -0.87318891,
        "calendar_quality": -0.57078618,
        "coverage_balance": 0.57194096,
        "deadline_closure": -0.00963036,
        "department_pressure": 0.54540533,
        "manager_caution": -0.80007124,
        "preference_alignment": -0.34143254,
        "staffing_safety": -0.10538388
      }
    }
  },
  "hidden_activation": "tanh",
  "hidden_layer": [
    {
      "bias": 0.07095996,
      "name": "preference_alignment",
      "weights": {
        "auto_candidate": 0.69745868,
        "coverage_complete": 0.11981011,
        "coverage_fit": -0.06786736,
        "cross_month": -0.04383583,
        "deadline_fit": -0.03859447,
        "deadline_miss": 0.03554448,
        "has_risk_payload": -0.11334594,
        "load_pressure": 1.20418429,
        "manager_role": 0.48077515,
        "manual_candidate": -1.95743489,
        "over_plan_pressure": 0.15310378,
        "passed_hard_rules": 0.00537682,
        "period_length_fit": -0.43113154,
        "planning_blocker_pressure": 0.02385547,
        "planning_open_pressure": -0.46872684,
        "preference_backup": -0.89420629,
        "preference_exact": -0.80313492,
        "preference_missing": 0.14374754,
        "preference_partial_remainder": -0.33546248,
        "preference_period_ok": -0.89402205,
        "preference_primary": -0.97386515,
        "quality_prior": 0.18119624,
        "risk_conflict": 0.28536484,
        "risk_pressure": -0.96277755,
        "risk_quality_prior": -0.05731777,
        "risk_safety": 2.1142025,
        "schema_match": -0.07732825,
        "staff_margin_positive": -1.0425235,
        "staff_shortage": -0.91577983,
        "substitution_available": -0.65116262,
        "summer_overlap_ratio": -0.01967272,
        "tenure_maturity": -0.07466342
      }
    },
    {
      "bias": -0.04945032,
      "name": "coverage_balance",
      "weights": {
        "auto_candidate": 0.14177701,
        "coverage_complete": 0.10670117,
        "coverage_fit": 0.02056625,
        "cross_month": 0.5321933,
        "deadline_fit": 0.02745188,
        "deadline_miss": 0.14231949,
        "has_risk_payload": 0.09243643,
        "load_pressure": -0.18524955,
        "manager_role": -0.05337204,
        "manual_candidate": 0.36904547,
        "over_plan_pressure": 0.0741296,
        "passed_hard_rules": 0.23044494,
        "period_length_fit": 0.34631792,
        "planning_blocker_pressure": -0.07700699,
        "planning_open_pressure": 0.32072785,
        "preference_backup": 0.05313787,
        "preference_exact": 0.32392171,
        "preference_missing": -0.05103632,
        "preference_partial_remainder": -0.39492413,
        "preference_period_ok": 0.16641638,
        "preference_primary": 0.37031749,
        "quality_prior": 0.28443539,
        "risk_conflict": -0.04989878,
        "risk_pressure": 0.20991759,
        "risk_quality_prior": 0.33598456,
        "risk_safety": -0.30147249,
        "schema_match": 0.21103309,
        "staff_margin_positive": -0.67054248,
        "staff_shortage": 0.23459432,
        "substitution_available": 0.00848533,
        "summer_overlap_ratio": 0.64146775,
        "tenure_maturity": -0.13251139
      }
    },
    {
      "bias": 0.24975893,
      "name": "deadline_closure",
      "weights": {
        "auto_candidate": 0.2097145,
        "coverage_complete": 0.12471422,
        "coverage_fit": 0.30751216,
        "cross_month": 0.00930402,
        "deadline_fit": -0.10505342,
        "deadline_miss": -0.10505968,
        "has_risk_payload": 0.31965789,
        "load_pressure": 0.20684002,
        "manager_role": 0.28460538,
        "manual_candidate": 0.04536897,
        "over_plan_pressure": -0.17471026,
        "passed_hard_rules": 0.02341903,
        "period_length_fit": 0.03354859,
        "planning_blocker_pressure": 0.07134685,
        "planning_open_pressure": 0.21456379,
        "preference_backup": 0.36159492,
        "preference_exact": 0.13592432,
        "preference_missing": 0.03862761,
        "preference_partial_remainder": 0.20166562,
        "preference_period_ok": 0.15569103,
        "preference_primary": 0.35118458,
        "quality_prior": 0.10867318,
        "risk_conflict": 0.22169325,
        "risk_pressure": 0.04583482,
        "risk_quality_prior": -0.00970494,
        "risk_safety": 0.06891597,
        "schema_match": 0.19846484,
        "staff_margin_positive": 0.09072726,
        "staff_shortage": 0.27949381,
        "substitution_available": 0.24081187,
        "summer_overlap_ratio": -0.01363979,
        "tenure_maturity": 0.04838993
      }
    },
    {
      "bias": -0.08081794,
      "name": "staffing_safety",
      "weights": {
        "auto_candidate": 0.00351532,
        "coverage_complete": -0.21997461,
        "coverage_fit": -0.2230511,
        "cross_month": -0.15872009,
        "deadline_fit": -0.10087265,
        "deadline_miss": 0.04400189,
        "has_risk_payload": -0.18399797,
        "load_pressure": -0.24308835,
        "manager_role": -0.20892359,
        "manual_candidate": 0.41400027,
        "over_plan_pressure": -0.14944032,
        "passed_hard_rules": -0.25774509,
        "period_length_fit": -0.40865505,
        "planning_blocker_pressure": -0.11215812,
        "planning_open_pressure": -0.07226566,
        "preference_backup": -0.19399959,
        "preference_exact": -0.16374719,
        "preference_missing": -0.28378826,
        "preference_partial_remainder": -0.27303714,
        "preference_period_ok": -0.27665716,
        "preference_primary": -0.17523476,
        "quality_prior": -0.414166,
        "risk_conflict": 0.42764246,
        "risk_pressure": -0.26783228,
        "risk_quality_prior": -0.193323,
        "risk_safety": -0.13161789,
        "schema_match": -0.17295432,
        "staff_margin_positive": -0.16183256,
        "staff_shortage": -0.29505038,
        "substitution_available": 0.29450038,
        "summer_overlap_ratio": -0.28944793,
        "tenure_maturity": -0.26629871
      }
    },
    {
      "bias": 0.97489214,
      "name": "department_pressure",
      "weights": {
        "auto_candidate": 0.44231823,
        "coverage_complete": 0.88622707,
        "coverage_fit": 1.07428479,
        "cross_month": 0.19135943,
        "deadline_fit": -0.14915752,
        "deadline_miss": 0.12189779,
        "has_risk_payload": 0.80058599,
        "load_pressure": -1.21136987,
        "manager_role": 4.81829739,
        "manual_candidate": 1.26161039,
        "over_plan_pressure": 0.05039664,
        "passed_hard_rules": 0.81057328,
        "period_length_fit": -1.78838336,